dataset,split,n_samples,n_positive,n_negative,frac_positive,sampled_mean_r,sampled_mean_g,sampled_mean_b,sampled_tissue_proxy_mean,sampled_black_ratio_mean,sampled_blue_dom_mean,sampled_duplicate_fraction
pcam,train,208355,88828,119527,0.42633006167358595,0.7151870685517788,0.5791206810995937,0.7977008935213089,0.732600830078125,0.00036897786458333335,0.7616772189670139,0.0
pcam,valid,26515,11715,14800,0.4418253818593249,0.7140313327237964,0.5760523428693414,0.796784676745534,0.7376597764756945,0.00035511610243055557,0.7616520182291667,0.0
pcam,test,27704,12940,14764,0.46708056598325154,0.7175462117642164,0.5804708900153637,0.7992160019725562,0.731100830078125,0.0004012586805555556,0.768117458767361,0.0
camelyon17,train,296294,150867,145427,0.5091800711455514,0.7573203020617366,0.5478547075614333,0.8159633530527354,0.8253573133680555,0.0002469618055555556,0.6009395887586805,0.0
camelyon17,valid,34389,17427,16962,0.5067608828404432,0.685619801543653,0.48984435815364125,0.76879476749897,0.849893310546875,7.280815972222222e-05,0.7326722819010416,0.0
camelyon17,test,83181,42468,40713,0.510549284091319,0.7177694965526462,0.5140445689484477,0.7899761425852776,0.8123607042100693,0.00022501627604166666,0.740244357638889,0.0
