{
  "dataset_name": "camelyon17",
  "dataset_dir": "data\\wilds\\camelyon17_h5_full_oodval\\preprocessed_macenko_benchmark_style",
  "splits_found": [
    "train",
    "valid",
    "test"
  ],
  "n_total_samples_across_found_splits": 413864,
  "split_summaries": [
    {
      "split": "train",
      "x_file": "data\\wilds\\camelyon17_h5_full_oodval\\preprocessed_macenko_benchmark_style\\train_x.h5",
      "y_file": "data\\wilds\\camelyon17_h5_full_oodval\\preprocessed_macenko_benchmark_style\\train_y.h5",
      "x_file_size_bytes": 10048396386,
      "y_file_size_bytes": 1187224,
      "x_key": "x",
      "y_key": "y",
      "x_shape": [
        296294,
        96,
        96,
        3
      ],
      "y_shape": [
        296294
      ],
      "x_dtype": "float32",
      "y_dtype": "float32",
      "n_x": 296294,
      "n_y": 296294,
      "label_stats": {
        "n_samples": 296294,
        "n_positive": 150867,
        "n_negative": 145427,
        "frac_positive": 0.5091800711455514,
        "label_value_counts": {
          "0.0": 145427,
          "1.0": 150867
        }
      },
      "sampled_n": 4000,
      "sampled_idx_head": [
        12,
        45,
        51,
        57,
        102,
        187,
        195,
        382,
        437,
        505,
        557,
        565,
        603,
        705,
        778,
        838,
        906,
        1064,
        1083,
        1101
      ],
      "sampled_metrics_aggregate": {
        "mean_r": {
          "mean": 0.7573203020617366,
          "std": 0.08358661652302611,
          "min": 0.4075780510902405,
          "max": 0.9478341341018677
        },
        "mean_g": {
          "mean": 0.5478547075614333,
          "std": 0.09930499402044476,
          "min": 0.23181170225143433,
          "max": 0.8701772093772888
        },
        "mean_b": {
          "mean": 0.8159633530527354,
          "std": 0.05744906073172572,
          "min": 0.5604605078697205,
          "max": 0.9469082355499268
        },
        "std_r": {
          "mean": 0.22154264427907766,
          "std": 0.027244401241305293,
          "min": 0.11016286909580231,
          "max": 0.29610568284988403
        },
        "std_g": {
          "mean": 0.23975462524592878,
          "std": 0.02800623820119188,
          "min": 0.14227895438671112,
          "max": 0.3650397062301636
        },
        "std_b": {
          "mean": 0.15636595030874015,
          "std": 0.01891669560341946,
          "min": 0.0928950384259224,
          "max": 0.218587726354599
        },
        "mean_gray": {
          "mean": 0.641049306884408,
          "std": 0.08700649760488705,
          "min": 0.3218318223953247,
          "max": 0.8880825638771057
        },
        "std_gray": {
          "mean": 0.21929700408130884,
          "std": 0.023691595686540015,
          "min": 0.12071020901203156,
          "max": 0.32312560081481934
        },
        "sat_mean": {
          "mean": 0.36888120449893175,
          "std": 0.0808760642474666,
          "min": 0.09755758196115494,
          "max": 0.6325963139533997
        },
        "tissue_proxy_ratio_sat_gt_0p12": {
          "mean": 0.8253573133680555,
          "std": 0.14029040928953918,
          "min": 0.19932725694444445,
          "max": 0.9793836805555556
        },
        "black_ratio_gray_lt_0p05": {
          "mean": 0.0002469618055555556,
          "std": 0.0006210761960428946,
          "min": 0.0,
          "max": 0.006618923611111111
        },
        "blue_dominance_ratio_b_gt_r": {
          "mean": 0.6009395887586805,
          "std": 0.17096154108535638,
          "min": 0.029947916666666668,
          "max": 0.9951171875
        },
        "pink_proxy_ratio": {
          "mean": 0.7215663248697918,
          "std": 0.1313185565710438,
          "min": 0.13780381944444445,
          "max": 0.9758029513888888
        },
        "min_pixel": {
          "mean": 0.02337941253290046,
          "std": 0.014721188182129473,
          "min": 0.0,
          "max": 0.0784313753247261
        },
        "max_pixel": {
          "mean": 0.9994088235646487,
          "std": 0.0018394807755407264,
          "min": 0.9607843160629272,
          "max": 1.0
        }
      },
      "sample_duplicate_audit": {
        "sampled": 4000,
        "unique_hashes": 4000,
        "duplicate_fraction": 0.0
      },
      "per_image_stats_csv": "reports\\dataset_audit\\audit_20260506_205634\\camelyon17\\train\\sampled_per_image_stats.csv",
      "y_keys_available": [
        "y"
      ]
    },
    {
      "split": "valid",
      "x_file": "data\\wilds\\camelyon17_h5_full_oodval\\preprocessed_macenko_benchmark_style\\valid_x.h5",
      "y_file": "data\\wilds\\camelyon17_h5_full_oodval\\preprocessed_macenko_benchmark_style\\valid_y.h5",
      "x_file_size_bytes": 1206236476,
      "y_file_size_bytes": 139604,
      "x_key": "x",
      "y_key": "y",
      "x_shape": [
        34389,
        96,
        96,
        3
      ],
      "y_shape": [
        34389
      ],
      "x_dtype": "float32",
      "y_dtype": "float32",
      "n_x": 34389,
      "n_y": 34389,
      "label_stats": {
        "n_samples": 34389,
        "n_positive": 17427,
        "n_negative": 16962,
        "frac_positive": 0.5067608828404432,
        "label_value_counts": {
          "0.0": 16962,
          "1.0": 17427
        }
      },
      "sampled_n": 4000,
      "sampled_idx_head": [
        3,
        24,
        27,
        29,
        39,
        46,
        58,
        67,
        75,
        85,
        88,
        93,
        94,
        104,
        110,
        120,
        122,
        129,
        135,
        136
      ],
      "sampled_metrics_aggregate": {
        "mean_r": {
          "mean": 0.685619801543653,
          "std": 0.07505394245240646,
          "min": 0.4374600350856781,
          "max": 0.917121171951294
        },
        "mean_g": {
          "mean": 0.48984435815364125,
          "std": 0.08620302182242578,
          "min": 0.2539398968219757,
          "max": 0.8873331546783447
        },
        "mean_b": {
          "mean": 0.76879476749897,
          "std": 0.0491086745262312,
          "min": 0.5894463658332825,
          "max": 0.9425811767578125
        },
        "std_r": {
          "mean": 0.23729140840843319,
          "std": 0.02226140736749368,
          "min": 0.1415097415447235,
          "max": 0.34311315417289734
        },
        "std_g": {
          "mean": 0.24919911938905717,
          "std": 0.03715051566293868,
          "min": 0.17533721029758453,
          "max": 0.41273194551467896
        },
        "std_b": {
          "mean": 0.1687327572144568,
          "std": 0.017966290506464314,
          "min": 0.10312116146087646,
          "max": 0.2560332715511322
        },
        "mean_gray": {
          "mean": 0.5801815609931946,
          "std": 0.07226340337485412,
          "min": 0.34706008434295654,
          "max": 0.9025380611419678
        },
        "std_gray": {
          "mean": 0.23222230110689998,
          "std": 0.030221873646102057,
          "min": 0.14950597286224365,
          "max": 0.37283146381378174
        },
        "sat_mean": {
          "mean": 0.4085229982659221,
          "std": 0.0753644115219812,
          "min": 0.08303645998239517,
          "max": 0.6025298237800598
        },
        "tissue_proxy_ratio_sat_gt_0p12": {
          "mean": 0.849893310546875,
          "std": 0.14054399238694865,
          "min": 0.13780381944444445,
          "max": 0.9723307291666666
        },
        "black_ratio_gray_lt_0p05": {
          "mean": 7.280815972222222e-05,
          "std": 0.00028420243203177483,
          "min": 0.0,
          "max": 0.004014756944444444
        },
        "blue_dominance_ratio_b_gt_r": {
          "mean": 0.7326722819010416,
          "std": 0.16487836613171175,
          "min": 0.18196614583333334,
          "max": 0.9934895833333334
        },