{
  "dataset_name": "pcam",
  "dataset_dir": "pcam_data\\preprocessed_macenko_benchmark_style",
  "splits_found": [
    "train",
    "valid",
    "test"
  ],
  "n_total_samples_across_found_splits": 262574,
  "split_summaries": [
    {
      "split": "train",
      "x_file": "pcam_data\\preprocessed_macenko_benchmark_style\\train_x.h5",
      "y_file": "pcam_data\\preprocessed_macenko_benchmark_style\\train_y.h5",
      "x_file_size_bytes": 7222166724,
      "y_file_size_bytes": 835468,
      "x_key": "x",
      "y_key": "y",
      "x_shape": [
        208355,
        96,
        96,
        3
      ],
      "y_shape": [
        208355
      ],
      "x_dtype": "float32",
      "y_dtype": "float32",
      "n_x": 208355,
      "n_y": 208355,
      "label_stats": {
        "n_samples": 208355,
        "n_positive": 88828,
        "n_negative": 119527,
        "frac_positive": 0.42633006167358595,
        "label_value_counts": {
          "0.0": 119527,
          "1.0": 88828
        }
      },
      "sampled_n": 4000,
      "sampled_idx_head": [
        46,
        124,
        128,
        455,
        499,
        537,
        538,
        722,
        726,
        789,
        938,
        1004,
        1088,
        1152,
        1153,
        1245,
        1291,
        1403,
        1406,
        1422
      ],
      "sampled_metrics_aggregate": {
        "mean_r": {
          "mean": 0.7151870685517788,
          "std": 0.08796716643031678,
          "min": 0.486699640750885,
          "max": 0.9663884043693542
        },
        "mean_g": {
          "mean": 0.5791206810995937,
          "std": 0.11512286389019004,
          "min": 0.3273726999759674,
          "max": 0.8898420333862305
        },
        "mean_b": {
          "mean": 0.7977008935213089,
          "std": 0.06111148827011676,
          "min": 0.6380638480186462,
          "max": 0.9608316421508789
        },
        "std_r": {
          "mean": 0.23333594125322998,
          "std": 0.026923638717868494,
          "min": 0.10012226551771164,
          "max": 0.3006690442562103
        },
        "std_g": {
          "mean": 0.2576688880287111,
          "std": 0.032190180192443546,
          "min": 0.15366001427173615,
          "max": 0.35698169469833374
        },
        "std_b": {
          "mean": 0.16736751472391187,
          "std": 0.018900477265106363,
          "min": 0.09410512447357178,
          "max": 0.21945516765117645
        },
        "mean_gray": {
          "mean": 0.6447226754277945,
          "std": 0.09784966338614733,
          "min": 0.42923030257225037,
          "max": 0.9050114750862122
        },
        "std_gray": {
          "mean": 0.23776511969044806,
          "std": 0.02800683538497531,
          "min": 0.13551728427410126,
          "max": 0.31363287568092346
        },
        "sat_mean": {
          "mean": 0.32227791869826616,
          "std": 0.09439556710363121,
          "min": 0.07637148350477219,
          "max": 0.5588594079017639
        },
        "tissue_proxy_ratio_sat_gt_0p12": {
          "mean": 0.732600830078125,
          "std": 0.2005845375091346,
          "min": 0.1086154513888889,
          "max": 0.9981553819444444
        },
        "black_ratio_gray_lt_0p05": {
          "mean": 0.00036897786458333335,
          "std": 0.000631339800473645,
          "min": 0.0,
          "max": 0.009548611111111112
        },
        "blue_dominance_ratio_b_gt_r": {
          "mean": 0.7616772189670139,
          "std": 0.08834669428320412,
          "min": 0.010416666666666666,
          "max": 0.9919704861111112
        },
        "pink_proxy_ratio": {
          "mean": 0.6860023328993057,
          "std": 0.1360178718700779,
          "min": 0.2506510416666667,
          "max": 0.9869791666666666
        },
        "min_pixel": {
          "mean": 0.00923823563591577,
          "std": 0.011347973750178954,
          "min": 0.0,
          "max": 0.13333334028720856
        },
        "max_pixel": {
          "mean": 0.999657843157649,
          "std": 0.0012471416019109018,
          "min": 0.9843137264251709,
          "max": 1.0
        }
      },
      "sample_duplicate_audit": {
        "sampled": 4000,
        "unique_hashes": 4000,
        "duplicate_fraction": 0.0
      },
      "per_image_stats_csv": "reports\\dataset_audit\\audit_20260506_205634\\pcam\\train\\sampled_per_image_stats.csv",
      "y_keys_available": [
        "y"
      ]
    },
    {
      "split": "valid",
      "x_file": "pcam_data\\preprocessed_macenko_benchmark_style\\valid_x.h5",
      "y_file": "pcam_data\\preprocessed_macenko_benchmark_style\\valid_y.h5",
      "x_file_size_bytes": 923617904,
      "y_file_size_bytes": 108108,
      "x_key": "x",
      "y_key": "y",
      "x_shape": [
        26515,
        96,
        96,
        3
      ],
      "y_shape": [
        26515
      ],
      "x_dtype": "float32",
      "y_dtype": "float32",
      "n_x": 26515,
      "n_y": 26515,
      "label_stats": {
        "n_samples": 26515,
        "n_positive": 11715,
        "n_negative": 14800,
        "frac_positive": 0.4418253818593249,
        "label_value_counts": {
          "0.0": 14800,
          "1.0": 11715
        }
      },
      "sampled_n": 4000,
      "sampled_idx_head": [
        7,
        9,
        10,
        11,
        13,
        15,
        23,
        31,
        36,
        37,
        40,
        42,
        45,
        46,
        59,
        101,
        103,
        106,
        107,
        109
      ],
      "sampled_metrics_aggregate": {
        "mean_r": {
          "mean": 0.7140313327237964,
          "std": 0.08493462019953639,
          "min": 0.49816814064979553,
          "max": 0.9411816000938416
        },
        "mean_g": {
          "mean": 0.5760523428693414,
          "std": 0.11350348070955414,
          "min": 0.32453110814094543,
          "max": 0.8910195231437683
        },
        "mean_b": {
          "mean": 0.796784676745534,
          "std": 0.05904597581326691,
          "min": 0.6402666568756104,
          "max": 0.9509871602058411
        },
        "std_r": {
          "mean": 0.2335199031252414,
          "std": 0.026205925900453213,
          "min": 0.11547031253576279,
          "max": 0.32515475153923035
        },
        "std_g": {
          "mean": 0.2566566095426679,
          "std": 0.032893671672608024,
          "min": 0.15479812026023865,
          "max": 0.38068887591362
        },
        "std_b": {
          "mean": 0.16733784206584096,
          "std": 0.01856145578160341,
          "min": 0.09580764174461365,
          "max": 0.2384295016527176
        },
        "mean_gray": {
          "mean": 0.6424715472608805,
          "std": 0.09540697769920486,
          "min": 0.41396892070770264,
          "max": 0.9074416756629944
        },
        "std_gray": {
          "mean": 0.23720144915953278,
          "std": 0.028366959558068595,
          "min": 0.12787176668643951,
          "max": 0.3463819622993469
        },
        "sat_mean": {
          "mean": 0.324842229872942,
          "std": 0.09429723013103235,
          "min": 0.07924669235944748,
          "max": 0.547106146812439
        },
        "tissue_proxy_ratio_sat_gt_0p12": {
          "mean": 0.7376597764756945,
          "std": 0.19947339087076804,
          "min": 0.1323784722222222,
          "max": 0.9937065972222222
        },
        "black_ratio_gray_lt_0p05": {
          "mean": 0.00035511610243055557,
          "std": 0.0005963131142247171,
          "min": 0.0,
          "max": 0.005859375
        },
        "blue_dominance_ratio_b_gt_r": {
          "mean": 0.7616520182291667,
          "std": 0.08666829604025991,
          "min": 0.033745659722222224,
          "max": 0.9883897569444444
        },
        "pink_proxy_ratio": {
          "mean": 0.6852970377604166,
          "std": 0.13107754053475879,
          "min": 0.2622612847222222,
          "max": 0.9639756944444444
        },