{
  "split": "train",
  "x_file": "data\\wilds\\camelyon17_h5_full_oodval\\preprocessed_macenko_benchmark_style\\train_x.h5",
  "y_file": "data\\wilds\\camelyon17_h5_full_oodval\\preprocessed_macenko_benchmark_style\\train_y.h5",
  "x_file_size_bytes": 10048396386,
  "y_file_size_bytes": 1187224,
  "x_key": "x",
  "y_key": "y",
  "x_shape": [
    296294,
    96,
    96,
    3
  ],
  "y_shape": [
    296294
  ],
  "x_dtype": "float32",
  "y_dtype": "float32",
  "n_x": 296294,
  "n_y": 296294,
  "label_stats": {
    "n_samples": 296294,
    "n_positive": 150867,
    "n_negative": 145427,
    "frac_positive": 0.5091800711455514,
    "label_value_counts": {
      "0.0": 145427,
      "1.0": 150867
    }
  },
  "sampled_n": 4000,
  "sampled_idx_head": [
    12,
    45,
    51,
    57,
    102,
    187,
    195,
    382,
    437,
    505,
    557,
    565,
    603,
    705,
    778,
    838,
    906,
    1064,
    1083,
    1101
  ],
  "sampled_metrics_aggregate": {
    "mean_r": {
      "mean": 0.7573203020617366,
      "std": 0.08358661652302611,
      "min": 0.4075780510902405,
      "max": 0.9478341341018677
    },
    "mean_g": {
      "mean": 0.5478547075614333,
      "std": 0.09930499402044476,
      "min": 0.23181170225143433,
      "max": 0.8701772093772888
    },
    "mean_b": {
      "mean": 0.8159633530527354,
      "std": 0.05744906073172572,
      "min": 0.5604605078697205,
      "max": 0.9469082355499268
    },
    "std_r": {
      "mean": 0.22154264427907766,
      "std": 0.027244401241305293,
      "min": 0.11016286909580231,
      "max": 0.29610568284988403
    },
    "std_g": {
      "mean": 0.23975462524592878,
      "std": 0.02800623820119188,
      "min": 0.14227895438671112,
      "max": 0.3650397062301636
    },
    "std_b": {
      "mean": 0.15636595030874015,
      "std": 0.01891669560341946,
      "min": 0.0928950384259224,
      "max": 0.218587726354599
    },
    "mean_gray": {
      "mean": 0.641049306884408,
      "std": 0.08700649760488705,
      "min": 0.3218318223953247,
      "max": 0.8880825638771057
    },
    "std_gray": {
      "mean": 0.21929700408130884,
      "std": 0.023691595686540015,
      "min": 0.12071020901203156,
      "max": 0.32312560081481934
    },
    "sat_mean": {
      "mean": 0.36888120449893175,
      "std": 0.0808760642474666,
      "min": 0.09755758196115494,
      "max": 0.6325963139533997
    },
    "tissue_proxy_ratio_sat_gt_0p12": {
      "mean": 0.8253573133680555,
      "std": 0.14029040928953918,
      "min": 0.19932725694444445,
      "max": 0.9793836805555556
    },
    "black_ratio_gray_lt_0p05": {
      "mean": 0.0002469618055555556,
      "std": 0.0006210761960428946,
      "min": 0.0,
      "max": 0.006618923611111111
    },
    "blue_dominance_ratio_b_gt_r": {
      "mean": 0.6009395887586805,
      "std": 0.17096154108535638,
      "min": 0.029947916666666668,
      "max": 0.9951171875
    },
    "pink_proxy_ratio": {
      "mean": 0.7215663248697918,
      "std": 0.1313185565710438,
      "min": 0.13780381944444445,
      "max": 0.9758029513888888
    },
    "min_pixel": {
      "mean": 0.02337941253290046,
      "std": 0.014721188182129473,
      "min": 0.0,
      "max": 0.0784313753247261
    },
    "max_pixel": {
      "mean": 0.9994088235646487,
      "std": 0.0018394807755407264,
      "min": 0.9607843160629272,
      "max": 1.0
    }
  },
  "sample_duplicate_audit": {
    "sampled": 4000,
    "unique_hashes": 4000,
    "duplicate_fraction": 0.0
  },
  "per_image_stats_csv": "reports\\dataset_audit\\audit_20260506_205634\\camelyon17\\train\\sampled_per_image_stats.csv",
  "y_keys_available": [
    "y"
  ]
}